num_topics,topic_id,words
5,0,"membalutnya, menikahkanmu, dihidupsuburkannya, hunain, sombongkan, hebatnya, bernazar, sesukamu, hapuskanlah, mewariskannya"
5,1,"membalutnya, hapuskanlah, ibukotanya, menikahkanmu, penanya, penipuan, persiapkanlah, titipkan, kejengkelan, dihidupsuburkannya"
5,2,"orang, rasul, kufur, kafir, allah, ayat, zalim, laki, alquran, nabi"
5,3,"berendahhatilah, ibukotanya, membalutnya, penanya, persiapkanlah, kejengkelan, hapuskanlah, menikahkanmu, induk, sombongkan"
5,4,"nya, tuhan, bumi, maha, tanda, kepada, allah, langit, penyayang, karunia"
10,0,"menidurkan, juru, sebelas, lombalah, sepersepuluh, pencinta, terpilih, kakekmu, mencipta, sah"
10,1,"nabi, muhammad, allah, engkau, rasul, kepadamu, nya, alquran, petunjuk, benar"
10,2,"buruk, azab, neraka, mukmin, kufur, munafik, orang, dunia, berbuat, akhirat"
10,3,"menidurkan, mewajibkannya, bertanyalah, rebah, seperlimanya, sepersepuluh, pengunjung, juru, kerugiannya, mencipta"
10,4,"maha, langit, bumi, tanda, tuhanmu, bijaksana, perkasa, penyayang, benar, tuhanku"
10,5,"orang, allah, mukmin, beriman, laki, perempuan, ayat, kafir, jalan, nabi"
10,6,"mencipta, rebah, kerugiannya, pengunjung, pekerjakan, dibolehkan, diadakan, menagihnya, keberpalingan, mengqasar"
10,7,"juru, menidurkan, rencanakan, kabut, khilaflah, kurajam, tepatilah, mencipta, jelek, digelincirkan"
10,8,"menidurkan, adakannya, rebah, menamai, sepersepuluh, mencipta, lombalah, juru, sempurnakan, pekerjakan"
10,9,"muhammad, nabi, alquran, engkau, tuhanmu, benar, rezeki, tuhanku, sungguh, kepadamu"
15,0,"berkelahi, menantu, atom, pencinta, ikatkan, menzihar, resmi, mihrabnya, mulah, nyawamu"
15,1,"berkelahi, nyawamu, menantu, sengaja, pencinta, ibu, mengairi, atom, dadalah, biara"
15,2,"dikembalikan, penjuru, berbolak, manakah, zat, tuhanku, nyawamu, berfirman, pelindung, sangkakan"
15,3,"berkelahi, pencinta, samud, nyawamu, sekilas, diampuni, dipakai, menerbitkan, gembalaannya, mendebat"
15,4,"pencinta, mendebat, diampuni, sosialnya, menyapa, resmi, menerbitkan, menantu, peminta, bergumpal"
15,5,"orang, beriman, allah, perempuan, laki, kafir, rasul, nya, mukmin, ayat"
15,6,"perkasa, berfirman, maha, tanda, bumi, engkau, allahlah, kepada, langit, bijaksana"
15,7,"allah, nya, rasul, benar, engkau, kepadamu, bumi, ayat, sungguh, bukti"
15,8,"jin, mempersekutukan, kaummu, azab, berkelahi, neraka, berangsur, hancurkan, berlindung, setan"
15,9,"orang, beriman, allah, nya, perempuan, ayat, anak, rasul, kafir, laki"
15,10,"celahnya, kaumku, alam, peringatan, kauketahui, berbolak, kaumnya, lauh, musuhnya, barat"
15,11,"berkelahi, musuhnya, mendebat, memukulnya, berlapang, sosialnya, menantu, hafsah, nyawamu, menukarkannya"
15,12,"allah, nabi, kepadamu, muhammad, nya, maha, alquran, bumi, engkau, langit"
15,13,"menantu, pencinta, menerbitkan, mendebat, membentangkannya, atom, resmi, mengairi, dipakai, peminta"
15,14,"azab, zalim, dunia, akhirat, dosa, buruk, berbuat, sungguh, surga, kufur"
20,0,"kemalangan, membelinya, guruh, berjual, saksikan, jawabanmu, perumpamaannya, menyusahkan, pelaksanaan, pengungkapan"
20,1,"orang, perempuan, beriman, ayat, laki, kafir, kufur, nabi, allah, bertakwa"
20,2,"katalah, zaman, guruh, kemalangan, bergemuruh, membelinya, perumpamaannya, bercucuran, keimanannya, terhentinya"
20,3,"pengampun, bumi, maha, hamba, tuhanmu, perkasa, tuhanku, berfirman, penyayang, bijaksana"
20,4,"nya, maha, allah, bumi, tanda, karunia, menjadikan, engkau, tuhan, langit"
20,5,"allah, kepadamu, petunjuk, nabi, kufur, rasul, muhammad, engkau, ayat, saleh"
20,6,"bumi, langit, maha, menciptakan, nya, milik, bijaksana, perkasa, tuhan, kepada"
20,7,"bercucuran, katalah, mengembuskan, kecerobohan, zaman, berjual, tabut, bergemuruh, pengolok, tuntutan"
20,8,"orang, ayat, allah, kepadamu, beriman, rasul, kafir, nabi, benar, muhammad"
20,9,"orang, allah, beriman, perempuan, anak, rasul, laki, mukmin, saudara, nabi"
20,10,"kufur, azab, buruk, kafir, dunia, akhirat, benar, zalim, neraka, munafik"
20,11,"allah, nya, nabi, muhammad, beriman, kepadamu, rasul, alquran, manusia, engkau"
20,12,"katalah, buta, nyala, musa, kemarahan, takut, perkataan, timbanya, tunaikanlah, silih"
20,13,"niscaya, kepadamu, mendengar, nabi, muhammad, surga, jalan, engkau, petunjuk, nyata"
20,14,"kemalangan, katalah, guruh, bercucuran, membelinya, kepemilikan, berselawatlah, keimanannya, tertumpah, membuka"
20,15,"kemalangan, jahanam, membelinya, katalah, jin, yag, negeri, dustakan, lut, mendustakan"
20,16,"fisik, berjual, zaman, menyisakan, tunas, hitunglah, harut, berterima, guruh, rah"
20,17,"bumi, maha, langit, tuhan, perkasa, tanda, tuhanmu, nya, hamba, menurunkan"
20,18,"menyisakan, tabut, perkenankan, kecerobohan, membelinya, dibayar, sisa, kemusyrikanmu, rah, tegaknya"
20,19,"kufur, azab, saleh, sungguh, niscaya, kafir, ayat, orang, rasul, surga"
25,0,"mengusirnya, mengasuhmu, auratmu, menghalalkan, digiring, hidayah, menggelisahkan, zainab, berjudi, imannya"
25,1,"ingatlah, kepadaku, musa, gembira, engkau, mengutus, manusia, kebanyakan, pemberi, benar"
25,2,"orang, allah, beriman, rasul, perempuan, mukmin, nya, ayat, muhammad, hamba"
25,3,"mengasuhmu, penyelamat, digeserkan, penindasan, murka, guruh, riba, pantai, pemusyrikan, kuncinya"
25,4,"memperbodoh, pantai, mohonkan, basah, mencemooh, zainab, harinya, mengasuhmu, penindasan, mengancam"
25,5,"kepadamu, ingatlah, engkau, tanda, kekuasaan, nabi, muhammad, petunjuk, kebenaran, rezeki"
25,6,"allah, nya, kepadamu, maha, nabi, engkau, laki, muhammad, rasul, perempuan"
25,7,"orang, kafir, laki, harta, mukmin, beriman, perempuan, anak, neraka, munafik"
25,8,"tanda, penyayang, kebesaran, langit, tuhanku, bumi, pengampun, maha, tuhan, kepada"
25,9,"mengasuhmu, oleh, memperbodoh, pantai, kemaslahatan, memperjualbelikan, takwa, menjelajah, berjudi, peralatan"
25,10,"allah, muhammad, nabi, kaum, kepadamu, nya, beriman, rasul, alquran, hamba"
25,11,"keadaanku, membajak, jelaskanlah, kirinya, dilarang, diperhatikan, gelisah, menghapus, memancar, dipakai"
25,12,"yusuf, fir, aun, seburuk, menghinakan, mendustakan, membela, sesat, diikuti, neraka"
25,13,"orang, kufur, kafir, beriman, zalim, neraka, berbuat, munafik, surga, azab"
25,14,"mengusirnya, auratmu, oleh, pantai, balig, kesengsaraan, pelarian, menjelajah, dijamu, hidayah"
25,15,"kaum, umat, bertakwalah, kepadamu, mengikuti, sungguh, azab, menerima, buruk, hati"
25,16,"tuhanmu, tuhanku, engkau, muhammad, nabi, manusia, pengampun, mengutus, tuhan, kepadamu"
25,17,"auratmu, mengusirnya, pelarian, digeserkan, guruh, penindasan, menjelajah, amanatnya, dua, berjudi"
25,18,"petunjuk, nabi, allah, muhammad, ayat, kepadamu, sungguh, orang, kitab, beriman"
25,19,"mengusirnya, mengasuhmu, balig, digeserkan, berislam, semoga, basah, kebajikannya, penindasan, rezekimu"
25,20,"maha, bumi, langit, nya, suci, tuhan, penyayang, kehendaki, perkasa, pengampun"
25,21,"orang, dosa, niscaya, azab, beriman, sungai, nabi, muhammad, rasul, berbuat"
25,22,"akhirat, buruk, neraka, mendustakan, azab, seburuk, zalim, aun, kafir, pedih"
25,23,"mencemooh, dadanya, pantai, penindasan, rujuklah, balig, bermukim, zainab, amanatnya, digeserkan"
25,24,"langit, bumi, perkasa, maha, penyayang, tuhanmu, bijaksana, tanda, pengampun, tuhan"
30,0,"berjumpa, kepadanyalah, keberadaanku, tamatu, lumpur, dituduhkan, kit, tahukanlah, ketentuannya, laut"
30,1,"kufur, balasan, tanda, engkau, sungguh, buruk, muhammad, tuhan, nabi, kitab"
30,2,"tuhanmu, alquran, tanda, perkasa, ingatlah, muhammad, mengutus, maha, tuhan, mudah"
30,3,"muhammad, nabi, engkau, maha, tuhan, kitab, allah, kepada, nya, membawa"
30,4,"mayang, menjuntai, tangkai, disuruh, kursi, keberadaanku, dituduhkan, kit, tersurat, kantuk"
30,5,"lumpur, kursi, tangkai, kit, ketentuannya, penanggungnya, pokoknya, tersurat, menawarkan, penghinaan"
30,6,"langit, maha, musa, pemberi, kerjakan, tuhanmu, taurat, nyata, bumi, muhammad"
30,7,"menjuntai, ketentuannya, ujilah, disuruh, keberadaanku, penanggungnya, memulangkanmu, membeda, kasarmu, usus"
30,8,"darinya, pelajarilah, teliti, indah, berdusta, bersenang, melaksanakannya, menyelamatkannya, celaka, kanak"
30,9,"disuruh, ketentuannya, menjuntai, usus, tamatu, membeda, munajat, menghendakinya, tersurat, penghinaan"
30,10,"menjuntai, penanggungnya, usus, ketentuannya, kursi, menghijau, kit, sahayamu, bernilai, pisau"
30,11,"malaikat, pertolongan, kaumku, betapa, dirimu, perhatikanlah, menghidupkan, kuasa, adakah, pengasih"
30,12,"allah, orang, rasul, nya, muhammad, nabi, beriman, kepadamu, kitab, kufur"
30,13,"negeri, kehidupan, akhirat, dunia, azab, nama, terjerumus, siang, ingatlah, kebaikan"
30,14,"tersurat, penghinaan, ketentuannya, esok, kasarmu, kebaikannya, ketampanannya, sahayamu, nyalanya, putuskanlah"
30,15,"kit, hadapan, dirajam, khamar, delima, lak, teruskanlah, mementingkan, usus, ketentuannya"
30,16,"allah, orang, nya, beriman, sungguh, benar, laki, rasul, berbuat, nabi"
30,17,"allah, kepadamu, rasul, ayat, kitab, beriman, muhammad, nabi, orang, karunia"
30,18,"ketentuannya, masih, kursi, memulangkanmu, mengurus, duduklah, tersurat, mengangan, usus, penghinaan"
30,19,"orang, allah, muhammad, nabi, zalim, nya, kepada, kepadamu, beriman, laki"
30,20,"musa, salat, israil, azab, mengambil, bani, kaum, perkasa, jahanam, tuhanku"
30,21,"sungguh, engkau, membawa, muhammad, urusan, takut, tanda, kaum, nabi, alquran"
30,22,"orang, beriman, allah, jalan, kufur, pahala, kepadamu, berbuat, nabi, perempuan"
30,23,"ketentuannya, esok, dirahasiakan, tersurat, keberadaanku, dituduhkan, petani, memulangkanmu, usus, mengangan"
30,24,"allah, beriman, engkau, ayat, orang, muhammad, kepadamu, nabi, kitab, hamba"
30,25,"kaum, langit, bumi, akhirat, tanda, mengikuti, bagimu, musyrik, tuhanku, setan"
30,26,"ketentuannya, engkaukah, penanggungnya, usus, dianugerahkannya, sisinya, tamatu, dituduhkan, menjuntai, tiada"
30,27,"orang, allah, beriman, setan, rasul, jalan, berbuat, kafir, muhammad, manusia"
30,28,"orang, allah, beriman, mukmin, perempuan, laki, rasul, nya, jalan, kafir"
30,29,"tuhanmu, tuhanku, aman, ketahui, menghidupkan, peringatan, mendengar, takut, perkasa, mengutus"
35,0,"mengindahkanmu, kesudahannya, kobarkanlah, walinya, maulamu, takuti, mengqasar, dipaksa, nanti, sentosa"
35,1,"bersuami, kesudahannya, ketenangan, megahan, menikahinya, mengkhianatimu, menolongnya, diperangi, kecantikannya, kobarkanlah"
35,2,"allah, rasul, kepadamu, sungguh, kitab, nabi, nya, muhammad, bagimu, benar"
35,3,"berburu, keenamnya, keindahannya, maulamu, kobarkanlah, kefasikan, disabit, mempergauli, kecantikannya, menamai"
35,4,"nuh, kewajiban, menyuramkan, dizalimi, mudahan, dibinasakan, tenung, mudah, menakwilkan, khawatir"
35,5,"maha, bumi, nya, langit, penyayang, pengampun, tanda, perkasa, allah, kebesaran"
35,6,"buruk, orang, kufur, seburuk, balasan, saleh, harta, kebaikan, neraka, azab"
35,7,"megahan, airmu, gigi, kecantikannya, kerudung, status, mengindahkanmu, disurutkan, dibimbing, mengering"
35,8,"kelak, jin, kaumnya, mengingkari, nikmat, dustakan, janji, israil, mempersekutukan, nyata"
35,9,"bumi, kekuasaan, tuhan, tuhanku, menjadikan, engkau, berfirman, hamba, tuhanmu, nya"
35,10,"kepada, tuhan, pemberi, tuhanmu, tanda, muhammad, kebesaran, mengutus, nyata, nabi"
35,11,"orang, beriman, allah, perempuan, mukmin, niscaya, jalan, laki, anak, ayat"
35,12,"tuhan, bumi, langit, engkau, menurunkan, muhammad, kepada, nya, benar, allah"
35,13,"allah, orang, nya, beriman, laki, rasul, perempuan, sungguh, jalan, nabi"
35,14,"zalim, saleh, siksaan, benar, buruk, jadikan, balasan, berbuat, fir, kebaikan"
35,15,"kefasikan, mengqasar, penipuan, tulisannya, diharapkan, maulamu, berputar, senjata, menumpukkan, status"
35,16,"maha, bumi, langit, penyayang, bijaksana, perkasa, tuhan, nya, suci, rahmat"
35,17,"jelajahilah, mengkhianatimu, sekejap, menamakan, zihar, serendah, bersamaan, dapatkan, lupakan, meyakininya"
35,18,"berkuda, senjata, kesudahannya, mempergauli, sentosa, tawarkan, kerudung, bertabayunlah, berwenang, kesejukan"
35,19,"langit, milik, nyalah, bumi, matahari, siang, bagi, semesta, tuhan, bijaksana"
35,20,"kaum, aun, qub, yusuf, fir, salat, kekufuran, ya, ketetapan, zalim"
35,21,"orang, zalim, beriman, akhirat, kafir, mukmin, dunia, surga, neraka, golongan"
35,22,"benar, membawa, kerjakan, ketahuilah, tuhannya, anugerahkan, perselisihkan, menyebabkan, kaumnya, malaikat"
35,23,"bahagia, setipis, kalungkan, mengamankan, bertanyalah, ari, arahmu, calon, bersamaan, mewujudkannya"
35,24,"azab, kesesatan, menyembah, anugerahkan, nyata, baik, musyrik, kebanyakan, negeri, pemimpin"
35,25,"orang, allah, beriman, laki, kitab, perempuan, anak, rasul, saudara, berbuat"
35,26,"takut, dunia, buruk, perbuatan, dalamnya, sungguh, kerusakan, kekufuran, kebanyakan, negeri"
35,27,"senjata, megahan, kesudahannya, kecantikannya, calon, menamai, kena, percakapkan, persahabatannya, mengamankan"
35,28,"allah, kepadamu, nabi, muhammad, nya, engkau, bagimu, alquran, manusia, tanda"
35,29,"allah, nabi, nya, ku, hamba, muhammad, rasul, manusia, mengikuti, karunia"
35,30,"tuhanmu, ditimpa, engkau, bertobat, urusan, manusia, niscaya, benar, sungguh, janji"
35,31,"orang, kafir, mukmin, kitab, beriman, ayat, jalan, laki, neraka, perempuan"
35,32,"megahan, mengindahkanmu, berburu, kesudahannya, sukarela, menumpukkan, walinya, cemas, persahabatannya, kecantikannya"
35,33,"orang, mukmin, beriman, jalan, kufur, ayat, kafir, buruk, pahala, akhirat"
35,34,"ayat, nabi, mukmin, kepadamu, zalim, muhammad, dunia, orang, jalan, allah"
40,0,"talak, badanmu, penenteraman, mantan, dilekatkan, sai, membantahku, mengimani, ruhulkudus, kecantikannya"
40,1,"membantahku, penebus, gigi, mewajibkannya, menukarkannya, ruhulkudus, diinginkannya, jumlahmu, menakjubkanmu, mengalahkanmu"
40,2,"maha, bumi, nya, kepada, nabi, engkau, bagimu, langit, kehendaki, kepadamu"
40,3,"gigi, jumlahmu, menakjubkanmu, membantahku, kesalehan, uzur, zaman, kusta, ditimpakannya, sai"
40,4,"membantahku, gantilah, ruginya, bermunculan, diinginkannya, berdalih, mulah, sai, kesalehan, gigi"
40,5,"gigi, penebus, penghayatan, mewajibkannya, jumlahmu, menakjubkanmu, membantahku, kal, waktumu, akbar"
40,6,"selebar, tersurat, kesalehan, sepertimu, uzair, ilaihi, membantahku, penerang, teratur, memasrahkan"
40,7,"saksi, ku, ingatlah, kepada, benar, rezeki, alquran, sungguh, rahmat, engkau"
40,8,"orang, zalim, kufur, berbuat, kafir, akhirat, sungai, beriman, berperang, azab"
40,9,"adakannya, mewajibkannya, membantahku, sai, penebus, perniagaan, khawatirkan, rahbaniah, dilekatkan, kalimatullah"
40,10,"mewajibkannya, susah, sepadan, sifatnya, membantahku, rahbaniah, dijadikan, najis, mengambilmu, kesenangan"
40,11,"orang, nya, allah, beriman, rasul, nabi, ayat, sungguh, kitab, muhammad"
40,12,"allah, nya, maha, nabi, kepadamu, rasul, muhammad, ku, kepada, penyayang"
40,13,"menjadikan, engkau, musa, tuhan, tuhanku, tuhanmu, allahlah, bumi, kepadaku, kekuasaan"
40,14,"orang, beriman, allah, kafir, mukmin, kitab, berbuat, ayat, akhirat, nya"
40,15,"neraka, seburuk, azab, dunia, wajah, perbuat, bertakwa, ancaman, golongan, dalamnya"
40,16,"orang, beriman, kufur, kafir, mukmin, akhirat, jalan, allah, azab, menerima"
40,17,"orang, beriman, kufur, azab, kafir, mukmin, allah, berbuat, musyrik, akhirat"
40,18,"mewajibkannya, penebus, dilekatkan, gigi, muatkan, rahbaniah, dikalungi, katalah, memaafkannya, menakjubkanmu"
40,19,"badanmu, menadaburi, jumlahmu, melayarkan, berharaplah, zamannya, membantahku, gantilah, rahbaniah, tambahannya"
40,20,"orang, kaum, beriman, berbuat, allah, ayat, sungguh, jalan, anak, mengikuti"
40,21,"penghayatan, menukarkannya, kekafiranmu, amalkan, minyaknya, membantahku, diinginkannya, pakailah, hunain, mengiringi"
40,22,"allah, nya, kepadamu, benar, nabi, sungguh, muhammad, rasul, petunjuk, bumi"
40,23,"allah, nya, nabi, perempuan, kepadamu, maha, rasul, laki, saudara, sungguh"
40,24,"ada, engkau, kuasa, penyayang, milik, rezeki, langit, sungai, nyala, perang"
40,25,"nya, allah, nabi, maha, muhammad, kepada, benar, kepadamu, engkau, bumi"
40,26,"musa, alam, penghayatan, bersukacitalah, berdua, pengasih, aun, penciptaan, berdoa, kapal"
40,27,"allah, laki, beriman, kepadamu, rasul, nya, ayat, anak, berbuat, jalan"
40,28,"maha, nabi, nya, hamba, allah, bumi, benar, penyayang, perkasa, muhammad"
40,29,"takut, pelajaran, malaikat, nenek, benar, kebanyakan, membawa, ku, salah, jibril"
40,30,"mewajibkannya, gigi, badanmu, kesalehan, seizin, kecantikannya, kekafiranmu, memukulnya, qur, tawanlah"
40,31,"badanmu, menakjubkanmu, selebar, mulah, menukarkannya, padian, memikulnya, qur, gigi, akbar"
40,32,"azab, neraka, saleh, orang, pahala, buruk, beramal, balasan, pedih, kufur"
40,33,"berfirman, kebesaran, ya, nama, yusuf, hikmah, perkasa, qub, berdoa, berlayar"
40,34,"orang, azab, beriman, kafir, kufur, ayat, akhirat, pedih, zalim, buruk"
40,35,"saleh, memecah, beramal, olok, istrinya, neraka, laknat, perkataan, golongan, kelompok"
40,36,"mengimani, sepertiganya, waktu, dimohonkan, mewajibkannya, mencekik, membantahku, besarlah, khawatirkan, telanlah"
40,37,"mewajibkannya, ditandai, tambahannya, terkutuklah, pemboros, penghayatan, jumlahmu, menyentuhmu, gigi, sembelihlah"
40,38,"maha, engkau, bijaksana, tuhan, berfirman, peringatan, muhammad, pemberi, perkasa, langit"
40,39,"kepada, menciptakan, langit, bumi, ku, yusuf, siang, kekuasaan, fir, tuhanku"
45,0,"maha, allah, nya, bumi, langit, nabi, bagimu, kepadamu, muhammad, tuhan"
45,1,"orang, kafir, kufur, beriman, buruk, akhirat, neraka, saleh, zalim, beramal"
45,2,"sesusuan, menyusuimu, pergilirkan, kesempitan, suw, kejayaan, menyusahkanmu, kesyukuranmu, peruntukkan, mencampuri"
45,3,"celah, kejayaan, mudaratnya, tangkaplah, hidup, meminjamkan, menguraikan, sejati, menakar, awasilah"
45,4,"anak, orang, perempuan, allah, rasul, laki, beriman, sungguh, ayat, nya"
45,5,"orang, beriman, mukmin, berbuat, harta, laki, allah, perempuan, azab, jalan"
45,6,"mengutus, ibrahim, taurat, pemberi, kepadaku, berfirman, musa, jibril, tuhanku, manakah"
45,7,"menyusuimu, menyusahkanmu, pemakmurnya, ditepati, keberpalingan, dijangkau, sejati, pergilirkan, menyukaimu, ramadan"
45,8,"nabi, muhammad, bumi, tanda, sungguh, nya, tuhanmu, manusia, karunia, rezeki"
45,9,"engkaulah, penciptamu, alam, sunah, pengasih, tuhanmu, menyesatkanku, habislah, sekutukan, letakkanlah"
45,10,"neraka, kekal, pendurhaka, pahala, balasan, memperoleh, putih, penghuni, tumbuhan, jahanam"
45,11,"orang, beriman, kufur, azab, zalim, mukmin, kafir, golongan, berbuat, rugi"
45,12,"negeri, musa, lembah, ayahku, menimpa, arab, temali, mendapatiku, penduduk, berlaku"
45,13,"berpaling, benar, musuh, menyombongkan, sesat, hud, pelajaran, azab, fir, kisas"
45,14,"kufur, nabi, niscaya, setan, tuhannya, terangan, istri, beriman, neraka, rasul"
45,15,"tingginya, mengira, kemukakan, memerhatikan, kepitlah, campuri, habislah, diwahyukan, ketiakmu, gemerlapnya"
45,16,"tanda, ayat, seandainya, allah, sungguh, rasul, tuhanmu, agama, kepadamu, petunjuk"
45,17,"habislah, menyusahkanmu, bertobatlah, bagiannya, keberadaannya, persemendaan, tiri, umur, kejayaan, pergilirkan"
45,18,"allah, nabi, nya, muhammad, rasul, engkau, maha, manusia, kepadamu, bumi"
45,19,"pemakmurnya, kesempitan, menyusuimu, ka, angankan, pasanganmu, utangmu, siksaannya, uzair, menidurkan"
45,20,"orang, beriman, kafir, kufur, zalim, neraka, azab, dosa, laki, surga"
45,21,"setelahnya, ramadan, mengira, menantu, keberadaannya, menyusahkanmu, habislah, menjadikanmu, tiri, kandungmu"
45,22,"campuri, menumbuhkan, siksaannya, menantu, bebas, tiri, bagiannya, mertua, dirujuk, mengiringi"
45,23,"beriman, orang, kufur, zalim, kaum, rasul, sungguh, ayat, ampunan, musyrik"
45,24,"pemakmurnya, mengiringi, ganjaran, siksaannya, subur, diadakan, memeliharamu, meminjamkan, habil, api"
45,25,"menyusuimu, pemakmurnya, meminjamkan, habislah, dirujuk, menantu, menyusahkanmu, ramadan, mertua, memerlukanmu"
45,26,"memeliharamu, ganjaran, menipumu, kafur, samud, mendustakan, terkutuklah, tingkatannya, karung, menyusuimu"
45,27,"maha, bumi, langit, tuhanmu, bijaksana, perkasa, nya, allah, penyayang, rezeki"
45,28,"menyusuimu, menguraikan, tangga, tiri, bahteramu, kesempitan, arus, campuri, menanglah, habislah"
45,29,"nya, allah, nabi, muhammad, tuhan, kepadamu, kepada, tuhanmu, rezeki, kehendaki"
45,30,"pemakmurnya, menyusuimu, setelahnya, menyesuaikan, menantu, ramadan, campuri, tugasku, bersumpahlah, sandaran"
45,31,"tumbuhan, menyusuimu, keluarga, kandungmu, ceraikan, amanatku, maukah, halangan, pernikahan, utus"
45,32,"benar, sungguh, tanda, muhammad, nabi, kekuasaan, petunjuk, rasul, membawa, kaum"
45,33,"orang, beriman, allah, kufur, nabi, ayat, kafir, benar, mukmin, kitab"
45,34,"ilham, ujilah, menolonglah, keberadaannya, keberpalingan, menguraikan, pergilirkan, menggembalakan, suw, menggunjing"
45,35,"allah, nya, nabi, kepadamu, muhammad, anak, bagimu, rasul, maha, engkau"
45,36,"orang, beriman, allah, mukmin, laki, rasul, kafir, perempuan, jalan, nabi"
45,37,"menakar, jin, campuri, dakwah, penggantinya, pemelihara, dilalaikan, tebus, rahasiakan, bahaya"
45,38,"menyusuimu, menebusnya, keberpalingan, pemakmurnya, pergaulilah, persiapkanlah, dorongan, sinarnya, laknatlah, sepenggalah"
45,39,"maha, bumi, nya, langit, tuhan, perkasa, allah, bijaksana, kuasa, nabi"
45,40,"alam, pengasih, zamannya, pemelihara, penglihatan, tuhanmu, memperlakukannya, manakah, sembunyikan, berbunyi"
45,41,"aun, fir, tuhanku, nuh, menolong, takut, kaumnya, tuhannya, tambahkan, memohon"
45,42,"bersumpahlah, pelampiasan, menjalin, melayang, bagiannya, memaafkan, berkelumun, melampaui, gemetar, halangan"
45,43,"celah, pemakmurnya, guncang, keberpalingan, pergilirkan, sejati, kejayaan, miliki, mempercayainya, adiknya"
45,44,"maha, bumi, langit, nya, nabi, muhammad, allah, kuasa, kitab, tuhan"
50,0,"sejawat, rakaat, kitabku, rujuklah, berpuasalah, memperbodoh, senjatanya, gerbangnya, ululazmi, diputus"
50,1,"tuhanmu, musa, berfirman, kaumnya, kaum, berdua, hatimu, kaumku, penduduk, ingatlah"
50,2,"ingatlah, kepadamu, nabi, niscaya, sungguh, engkau, muhammad, seandainya, benar, nikmat"
50,3,"maha, tuhanku, tuhanmu, bumi, menjadikan, nabi, muhammad, kepadamu, langit, engkau"
50,4,"ubunnya, damaikanlah, perintahnya, menumpas, bersaksilah, kitabku, tombakmu, bangkitkan, pasang, maskawinnya"
50,5,"rujuklah, pembeda, berpuasalah, bayar, kesabarannya, menyatu, ditinggalkannya, ramadan, menyebarluaskannya, sembahanmu"
50,6,"kekuatanmu, membantunya, kemakmuran, menumpas, memperbodoh, mengangan, bayar, turunkanlah, tombakmu, bulatkanlah"
50,7,"akhirat, neraka, kafir, zalim, balasan, dunia, kebaikan, jahanam, kufur, azab"
50,8,"azab, neraka, kekal, saleh, pahala, dalamnya, zalim, pedih, akhirat, kehidupan"
50,9,"buruk, azab, kufur, orang, berbuat, kafir, surga, munafik, saleh, balasan"
50,10,"allah, sungguh, nya, rasul, nabi, benar, muhammad, ayat, petunjuk, maha"
50,11,"berdua, penduduk, sapi, pemuka, fir, menganggap, ekor, melalaikan, matilah, dizalimi"
50,12,"sebutkan, peninggalannya, mengubur, kafaratnya, pertentanganku, raya, berbekallah, wazir, kebingungan, ululazmi"
50,13,"air, datanglah, jin, menyembah, kewenangan, sembahlah, niscaya, butiran, potongan, berjalanlah"
50,14,"orang, beriman, ayat, laki, mukmin, kafir, allah, kehendaki, perempuan, sabiin"
50,15,"orang, beriman, kafir, sungai, jalan, harta, mukmin, zalim, pahala, surga"
50,16,"allah, nya, ayat, orang, rasul, anak, laki, manusia, perempuan, sungguh"
50,17,"memberitakan, kekeluargaan, leluasa, terpecah, meletakkan, ucapanmu, memperkembangbiakkan, menyerbumu, memperhitungkannya, mengubur"
50,18,"ubunnya, ramadan, kitabku, bacakanlah, idris, ululazmi, pelayan, menyakitiku, nasihatmu, pemegang"
50,19,"orang, beriman, perempuan, kitab, laki, kafir, mukmin, dosa, alquran, menikahinya"
50,20,"rujuklah, ululazmi, bayar, dinasihatkan, persaksikanlah, membantunya, menumpas, terbitkanlah, ramadan, menyakitimu"
50,21,"perempuan, orang, laki, beriman, mukmin, allah, ayat, kafir, anak, halamannya"
50,22,"allah, niscaya, perempuan, menjadikan, nabi, sungguh, orang, berbuat, berikanlah, memelihara"
50,23,"rujuklah, digelincirkan, menukarkannya, berbekallah, penerus, perintahnya, menghitam, menengadah, menumpas, rakaat"
50,24,"orang, kafir, beriman, kufur, berbuat, agama, niscaya, surga, saleh, ayat"
50,25,"ululazmi, nasihatmu, menumpas, kitabku, ramadan, rujuklah, membantunya, bersaksilah, diterkam, curahkan"
50,26,"pembeda, tombakmu, kirinya, mengangan, menyakitiku, kafaratnya, menumpas, menikahinya, jenisnya, sebelumku"
50,27,"maha, nya, nabi, allah, rasul, sungguh, muhammad, tuhan, kepadamu, kitab"
50,28,"allah, nabi, muhammad, nya, petunjuk, sungguh, benar, jalan, niscaya, kepadamu"
50,29,"musa, tuhanmu, kuasa, tuhanku, manakah, milik, kewenangan, langit, dustakan, ibrahim"
50,30,"bijaksana, langit, engkau, bumi, tuhanku, mu, kepadaku, mengutus, musa, ibrahim"
50,31,"ubunnya, bulatkanlah, membantunya, kirinya, ceraikanlah, menghitam, berkhianat, diterkam, muslimat, keberadaanku"
50,32,"allah, beriman, orang, laki, benar, ayat, nya, niscaya, rasul, diturunkan"
50,33,"sebutkan, tombakmu, ramadan, uji, memperbodoh, dilontarkan, jalut, berhimpun, ceraikanlah, bekal"
50,34,"berpuasalah, menumpas, nasihatmu, mengubur, sebutkan, muslimat, ramadan, memperbodoh, membeda, bayar"
50,35,"arah, alam, tanah, dirimu, manakah, semesta, nuh, utus, makhluk, mempersekutukan"
50,36,"allah, muhammad, nabi, petunjuk, kepadamu, kufur, diturunkan, sungguh, nya, rasul"
50,37,"tuhanmu, maha, engkau, bumi, muhammad, adil, allahlah, siang, kaum, langit"
50,38,"pembeda, damaikanlah, pertahankan, bayar, kesukaran, jenisnya, berpuasalah, bersegeralah, wazir, kafaratnya"
50,39,"tuhanmu, fir, matahari, moyang, bertasbih, tuhanku, anakku, usia, berfirman, jin"
50,40,"orang, beriman, mukmin, allah, rasul, nya, ayat, laki, alquran, hati"
50,41,"kitabku, nasihatmu, pertahankan, bekal, ramadan, tombakmu, memaafkanmu, rafa, merangkul, berbekallah"
50,42,"tuhan, benar, menurunkan, pengampun, muhammad, bumi, menyembah, musa, langit, maha"
50,43,"bumi, langit, maha, tuhanmu, kebesaran, engkau, tanda, bijaksana, tuhan, milik"
50,44,"maha, langit, bumi, tanda, muhammad, tuhan, malaikat, engkau, nabi, ingatlah"
50,45,"orang, beriman, nya, allah, laki, rasul, mukmin, perempuan, anak, kafir"
50,46,"kitabku, menyusulku, bayar, membantunya, ululazmi, pengungkapan, wazir, kafaratnya, menyayangiku, penerus"
50,47,"muslimat, terbitkanlah, ramadan, sebutkan, bilangannya, nasihatmu, ululazmi, berpuasalah, bayar, bekal"
50,48,"allah, rasul, nya, nabi, muhammad, zalim, bukti, anak, kepada, menjadikan"
50,49,"kufur, kafir, neraka, akhirat, surga, azab, dosa, zalim, dunia, buruk"
